{"train/epoch":1,"_step":0,"train/global_step":52,"_timestamp":1.7616337464656994e+09,"train/learning_rate":5.6907312692636665e-05,"_runtime":1387,"train/grad_norm":0.1064453125,"_wandb":{"runtime":1387},"train/loss":1.1602}