{"_wandb":{"runtime":28560},"train/epoch":5,"_timestamp":1.76178123509892e+09,"train_loss":0.4795746450349102,"train/grad_norm":0.244140625,"train_runtime":28495.1462,"eval/samples_per_second":7.362,"train/global_step":1270,"train/loss":0.594,"train_samples_per_second":11.37,"eval/steps_per_second":7.362,"_step":8,"train/learning_rate":9.47481523771998e-11,"eval/loss":0.6128251552581787,"train_steps_per_second":0.045,"eval/runtime":463.3343,"total_flos":3.0857893892849664e+19,"_runtime":28560}