{"test/eval_samples_per_second":9.676,"train/loss":0.5094,"eval/loss":0.5498003959655762,"train/grad_norm":0.08349609375,"_wandb":{"runtime":7538},"train_loss":0.6532250110919658,"test/epoch":5,"train/learning_rate":6.002183905050242e-06,"_timestamp":1.761643480321344e+09,"train_samples_per_second":8.939,"eval/samples_per_second":9.676,"eval/steps_per_second":9.676,"train/global_step":260,"test/eval_steps_per_second":9.676,"test/eval_runtime":76.2714,"train_runtime":7421.71,"train_steps_per_second":0.035,"_step":12,"_runtime":7538,"train/epoch":5,"test/eval_loss":0.5498003959655762,"total_flos":6.318249014974218e+18,"eval/runtime":76.2714}