{"_timestamp":1.7626299593663764e+09,"train/grad_norm":0.091796875,"_wandb":{"runtime":15607},"train_steps_per_second":0.033,"_runtime":15607,"eval/steps_per_second":9.778,"total_flos":1.2636498029948436e+19,"train_loss":0.5816448064950797,"eval/loss":0.5255569815635681,"eval/runtime":150.8424,"train/global_step":520,"_step":20,"eval/samples_per_second":9.778,"train_samples_per_second":8.524,"train_runtime":15565.4606,"train/epoch":10,"train/loss":0.4662,"train/learning_rate":2.368673885516648e-09}