{"train/grad_norm":0.109375,"_wandb":{"runtime":1377},"_timestamp":1.7616282192934446e+09,"train/loss":1.3786,"train/epoch":1,"_step":0,"_runtime":1377,"train/learning_rate":5.965947842396981e-05,"train/global_step":52}