{"train/loss":1.3786,"train/learning_rate":5.965947842396981e-05,"_timestamp":1.7616192960839021e+09,"_wandb":{"runtime":1376},"_runtime":1376,"train/global_step":52,"train/grad_norm":0.109375,"train/epoch":1,"_step":0}